{
    "loss": 2.888939142227173,
    "accuracy": 0.8055555820465088
}